{
  "results": [
    {
      "command": "./div",
      "mean": 0.9251143114800007,
      "stddev": 0.005424139680383103,
      "median": 0.9249329815,
      "user": 0.9210822999999999,
      "system": 0.0007886199999999998,
      "min": 0.901594946,
      "max": 0.944276157,
      "times": [
        0.924637059,
        0.924837945,
        0.9256369940000001,
        0.9259911030000001,
        0.9245995960000001,
        0.934001497,
        0.9249329890000001,
        0.9207820910000001,
        0.930399991,
        0.9251177260000001,
        0.9251267460000001,
        0.926169636,
        0.924370067,
        0.924384431,
        0.923653892,
        0.924652173,
        0.9245459720000001,
        0.9236673820000001,
        0.923268744,
        0.924781888,
        0.9263712810000001,
        0.9250408370000001,
        0.924915048,
        0.925519964,
        0.926795138,
        0.9230650440000001,
        0.925081742,
        0.924402479,
        0.927491244,
        0.9186423490000001,
        0.925340577,
        0.9260250270000001,
        0.924037506,
        0.924904582,
        0.924216366,
        0.9254345100000001,
        0.9270621990000001,
        0.926628153,
        0.927343601,
        0.9264677630000001,
        0.925517743,
        0.925078138,
        0.9233993770000001,
        0.9268766060000001,
        0.9415751990000001,
        0.924748611,
        0.943212649,
        0.9239600360000001,
        0.9270354220000001,
        0.9256247110000001,
        0.9117340420000001,
        0.9249329740000001,
        0.9256663030000001,
        0.924246568,
        0.9242589720000001,
        0.923951665,
        0.924271528,
        0.9411597150000001,
        0.9245215370000001,
        0.925053564,
        0.924728316,
        0.9110747130000001,
        0.9240058950000001,
        0.9233945610000001,
        0.926125128,
        0.9297662600000001,
        0.9262551280000001,
        0.926351071,
        0.9277478280000001,
        0.9249452760000001,
        0.9245249320000001,
        0.9259581710000001,
        0.901594946,
        0.917785382,
        0.9247113570000001,
        0.9240213650000001,
        0.925997986,
        0.924858591,
        0.9249160380000001,
        0.926285156,
        0.904665786,
        0.9258919320000001,
        0.9240083570000001,
        0.9248415750000001,
        0.9231847500000001,
        0.9250773240000001,
        0.9256025330000001,
        0.924025132,
        0.9230354890000001,
        0.9243636350000001,
        0.9256459260000001,
        0.92456439,
        0.9270311910000001,
        0.9243675360000001,
        0.926150522,
        0.924867085,
        0.925437045,
        0.944276157,
        0.926650881,
        0.9255271100000001
      ],
      "memory_usage_byte": [
        3751936,
        3751936,
        3751936,
        3751936,
        3751936,
        3751936,
        3751936,
        3751936,
        3751936,
        3751936,
        3751936,
        3751936,
        3751936,
        3751936,
        3751936,
        3751936,
        3751936,
        3751936,
        3751936,
        3751936,
        3751936,
        3751936,
        3751936,
        3751936,
        3751936,
        3751936,
        3751936,
        3751936,
        3751936,
        3751936,
        3751936,
        3751936,
        3751936,
        3751936,
        3751936,
        3751936,
        3751936,
        3751936,
        3751936,
        3751936,
        3751936,
        3751936,
        3751936,
        3751936,
        3751936,
        3751936,
        3751936,
        3751936,
        3751936,
        3751936,
        3751936,
        3751936,
        3751936,
        3751936,
        3751936,
        3751936,
        3751936,
        3751936,
        3751936,
        3751936,
        3751936,
        3751936,
        3751936,
        3751936,
        3751936,
        3751936,
        3751936,
        3751936,
        3751936,
        3751936,
        3751936,
        3751936,
        3751936,
        3751936,
        3751936,
        3751936,
        3751936,
        3751936,
        3751936,
        3751936,
        3751936,
        3751936,
        3751936,
        3751936,
        3751936,
        3751936,
        3751936,
        3751936,
        3751936,
        3751936,
        3751936,
        3751936,
        3751936,
        3751936,
        3751936,
        3751936,
        3751936,
        3751936,
        3751936,
        3751936
      ],
      "exit_codes": [
        0,
        0,
        0,
        0,
        0,
        0,
        0,
        0,
        0,
        0,
        0,
        0,
        0,
        0,
        0,
        0,
        0,
        0,
        0,
        0,
        0,
        0,
        0,
        0,
        0,
        0,
        0,
        0,
        0,
        0,
        0,
        0,
        0,
        0,
        0,
        0,
        0,
        0,
        0,
        0,
        0,
        0,
        0,
        0,
        0,
        0,
        0,
        0,
        0,
        0,
        0,
        0,
        0,
        0,
        0,
        0,
        0,
        0,
        0,
        0,
        0,
        0,
        0,
        0,
        0,
        0,
        0,
        0,
        0,
        0,
        0,
        0,
        0,
        0,
        0,
        0,
        0,
        0,
        0,
        0,
        0,
        0,
        0,
        0,
        0,
        0,
        0,
        0,
        0,
        0,
        0,
        0,
        0,
        0,
        0,
        0,
        0,
        0,
        0,
        0
      ]
    },
    {
      "command": "./mult",
      "mean": 0.9018425590600002,
      "stddev": 0.02065269232021132,
      "median": 0.8980789465000001,
      "user": 0.8982692299999999,
      "system": 0.0007587699999999998,
      "min": 0.859630815,
      "max": 0.941225285,